N_MODEL,HIDDEN_SIZE,N_LAYERS,DIRECTIONS,RECALL,PRECISION,F1,RECALL_WO_O,PRECISION_WO_O,F1_WO_O
model_1,500,1,1,0.8186339924784666,0.8320831247756345,0.811986663063602,0.4212410501193317,0.4485462172483798,0.3692312645924282
model_2,500,2,1,0.7904888996724494,0.7940428532721865,0.7837261212262728,0.36992840095465396,0.27804290139323934,0.28282190889557474
model_3,500,3,1,0.7646487929152008,0.7789166647180714,0.7648931410523504,0.36097852028639615,0.20475851885487414,0.25263123459590486
model_4,500,1,2,0.838529661530996,0.8727647374237503,0.8375458087801207,0.5405727923627685,0.5683078477154099,0.46676638998544345
model_5,500,2,2,0.8096566783937886,0.8730953296670655,0.827935442779806,0.6599045346062052,0.4699432518425057,0.5164491981728658
model_6,500,3,2,0.8005580492539124,0.8832654092012686,0.8211436185915538,0.6252983293556086,0.511483988378179,0.48521436598555356
model_7,800,1,2,0.8539366735411864,0.8676710096257474,0.8559405523852461,0.5757756563245824,0.5464325479452821,0.5378242631837072
model_8,800,2,2,0.8329491689918719,0.8840048364304703,0.8434275691442804,0.6443914081145584,0.5774261449482025,0.5438953955733566
model_9,800,3,2,0.8048040761858547,0.888864297268269,0.828216512243049,0.6569212410501193,0.5188611357919132,0.5175810443403838
