N_MODEL,HIDDEN_SIZE,N_LAYERS,DIRECTIONS,RECALL,PRECISION,F1,RECALL_WO_O,PRECISION_WO_O,F1_WO_O
model_1,500,1,1,0.8788062598568482,0.8698204460958288,0.8688876800082603,0.5525059665871122,0.6235056574569005,0.5622146352763726
model_2,500,2,1,0.8470217153948805,0.8569806163297338,0.8450905038123289,0.5608591885441527,0.5070812635420762,0.5007037831315543
model_3,500,3,1,0.8183913623680699,0.82826636990476,0.811935541979657,0.47494033412887826,0.39987495312993365,0.38243030124713956
model_4,500,1,2,0.9076792429940556,0.8962337566601565,0.9007054331771437,0.6545346062052506,0.696578588945513,0.6700463920807557
model_5,500,2,2,0.893970641756642,0.9158668241616236,0.9020281115466378,0.7923627684964201,0.6860798382550407,0.7280885504872582
model_6,500,3,2,0.8803833555744268,0.9131407135795484,0.8919690785796055,0.8036992840095465,0.6520522227794713,0.7109431509842782
model_7,800,1,2,0.9108334344292127,0.9085011966597244,0.9064862847573621,0.6443914081145584,0.7838426975778174,0.6999864342054966
model_8,800,2,2,0.9252699259978163,0.9225977307063573,0.923115796220842,0.7505966587112172,0.7955755967484633,0.7692867843600697
model_9,800,3,2,0.8811112459056168,0.9153539987452706,0.8932287233552018,0.8078758949880668,0.6546579240156845,0.7136717933268112
